address,name,module,confidence,note,source
00010010,Kbd_ISR,intro,verified,INTRO.EXE; g_KeyReleased[sc&0x7f] = break ? 1 : 0,intro_symbols.csv
000100ce,Spr_BlitClip,intro,verified,INTRO.EXE; stub; body 0x100db clips x to 0..0x160,intro_symbols.csv
000101a5,SB_IRQ_ISR,sound,high,SB IRQ handler (code label) -> 0x502f9,symbols_game_intro.csv
000101c7,Intro_PlaySample,sound,high,stub+body 0x101d4: (n) INTRO.SAM slice n; SB: n 0-4 ch 1/2 alternating vol 6 rate 12000 one-shot; n 6 ch0 loop vol 4; n 5/7 not handled. GUS: freq 0x12e/0x13b/0x107; n 6 loop from +0x251c,symbols_game_intro.csv
00010464,Intro_SoundInit,sound,high,stub+body 0x10471: GUS (0x40000) or SB (0x50000; 40000 Hz); loads intro.sam 0x3f404 bytes; SB converts to unsigned; starts loop sample 6,symbols_game_intro.csv
000106cb,Intro_SoundShutdown,sound,high,stub+body 0x106d8: stops DMA; restores IRQ; frees sample buffer (DAT_67210=0),symbols_game_intro.csv
000107bb,main,intro,verified,INTRO.EXE; stub -> Intro_Main body 0x107c8,intro_symbols.csv
000107c8,Intro_Main,intro,verified,INTRO.EXE; load; mode X; scene machine 1..7; overlay; credits; exit on Esc/D release,intro_symbols.csv
00013475,Intro_ExitWaitKey,intro,verified,INTRO.EXE; post-loop fragment: credits visible -> Intro_Cleanup else dead menu loop,intro_symbols.csv
000134d3,DeadMenu_Case0,intro,likely,INTRO.EXE; dead menu switch fragment (Ghidra caseD_0),intro_symbols.csv
0001363d,DeadMenu_Case8,intro,likely,INTRO.EXE; dead menu switch fragment (Ghidra caseD_8),intro_symbols.csv
00013f03,Intro_Cleanup,intro,verified,INTRO.EXE; fade; text mode; sound/CD stop; restore INT 9; free,intro_symbols.csv
00013ff1,Intro_DrawCredits,intro,verified,INTRO.EXE; stub (scroll;page),intro_symbols.csv
00013ffe,Intro_DrawCredits_body,intro,verified,INTRO.EXE; big font 16x9 glyphs; backslash newline +12; advance 11 (I 7; W 12),intro_symbols.csv
000141b2,Mouse_ClampPos,input,medium,stub+body 0x141bf: dead menu code,symbols_game_intro.csv
00014247,Mouse_ButtonEvent,input,medium,stub+body 0x14254: dead menu code,symbols_game_intro.csv
000142c1,Intro_ReadKey,intro,verified,INTRO.EXE; stub,intro_symbols.csv
000142ce,Intro_ReadKey_body,intro,verified,INTRO.EXE; -1 Esc/D released; 1..5 arrows/Enter,intro_symbols.csv
0001444c,Mouse_DrawCursor,input,medium,stub+body 0x14459: dead menu code,symbols_game_intro.csv
000144ca,Mouse_HideCursor,input,medium,stub+body 0x144d7: dead menu code,symbols_game_intro.csv
00014518,Mouse_WaitRelease,input,medium,stub+body 0x14525: dead menu code,symbols_game_intro.csv
000145ca,Menu_Highlight,menu,medium,stub+body 0x145d7: dead menu code (button table 0x605fd),symbols_game_intro.csv
000146cd,Menu_Unhighlight,menu,medium,stub+body 0x146da: dead menu code,symbols_game_intro.csv
0001474b,Menu_HitTest,menu,medium,stub+body 0x14758: dead menu code,symbols_game_intro.csv
00014847,Menu_LoadScreen,menu,medium,stub+body 0x14854: dead; loads MAINMENU/BETWEEN/AOSET/OPTIONS/PLANESEL .RAW+.PAL (table 0x607b9),symbols_game_intro.csv
000149a6,Pal_Fade,intro,verified,INTRO.EXE; dir 0 in 25 steps; 1 out 26 steps; 1 vsync each,intro_symbols.csv
000149b3,Pal_Fade_body,intro,verified,INTRO.EXE,intro_symbols.csv
00014a8f,Text_DrawBig,text,medium,stub+body 0x14a9c: (x;y;str;mode) big-font string; used by dead menu,symbols_game_intro.csv
00014b98,CD_MSCDEX_Install,cd,high,stub+body 0x14ba5: INT 2Fh 1500h -> drive count,symbols_game_intro.csv
00014c44,CD_MSCDEX_Version,cd,high,stub+body 0x14c51: 150Ch > 2.09,symbols_game_intro.csv
00014d03,CD_PlayTrackRaw,cd,high,stub+body 0x14d10: (drive;track) device request 0x84 from track start for (next start - start) frames,symbols_game_intro.csv
00014f0c,CD_StopRaw,cd,high,stub+body 0x14f19: device request 0x85,symbols_game_intro.csv
00015043,CD_GetDiscInfo,cd,high,stub+body 0x15050: IOCTL 0Ah; returns track count,symbols_game_intro.csv
00015234,CD_ReadTrackTable,cd,high,stub+body 0x15241: IOCTL 0Bh per track,symbols_game_intro.csv
00015468,CD_Check,cd,medium,stub+body 0x15475: 0 ok 1 no MSCDEX 2 old 3 not 15 tracks (unused),symbols_game_intro.csv
000154e5,CD_PlayTrack,cd,medium,stub+body 0x154f2 (unused),symbols_game_intro.csv
00015511,CD_Stop,cd,high,stub+body 0x1551e,symbols_game_intro.csv
0001553a,CD_InitAndPlayTrack2,intro,verified,INTRO.EXE; MSCDEX checks (printf) then track 2,intro_symbols.csv
000155cf,DPMI_GetDosMem,platform,low,stub+body 0x155dc: unused helper,symbols_game_intro.csv
0001571c,_cstart_,rt,high,matches JS 000485d0 (identical bytes); program entry (DOS4GW startup),symbols_rt_intro.csv
00015796,__cstart_body,rt,medium,matches JS 0004864a (identical bytes except relocated addresses/call displacements); startup continuation: INT21 30h DOS version; 4Ah resize; DGROUP/env setup; calls __InitRtns and __CMain,symbols_rt_intro.csv
0001598e,__fatal_runtime_error,rt,high,matches JS 00048842 (identical bytes except relocated addresses/call displacements); writes message to CON (INT21 3Dh/40h) and terminates (INT21 4Ch),symbols_rt_intro.csv
000159c0,__GETDS,rt,high,matches JS 00048874 (identical bytes except relocated addresses/call displacements); loads DS from saved selector at cs:[0x48644],symbols_rt_intro.csv
000159c8,inp,rt,high,matches JS 0004887c (identical bytes); in al;dx (port=arg1),symbols_rt_intro.csv
000159d3,outp,rt,high,matches JS 00048887 (identical bytes); out dx;al - game uses for VGA DAC 0x3c8 and PIT 0x40/0x43,symbols_rt_intro.csv
000159e0,__save_SS,rt,low,matches JS 00048894 (identical bytes except relocated addresses/call displacements); stores SS to 0x8079c,symbols_rt_intro.csv
000159e7,__CHK,rt,high,matches JS 0004889b (identical bytes); stack check,symbols_rt_intro.csv
000159fa,__STK,rt,high,matches JS 000488ae (identical bytes except relocated addresses/call displacements; found by byte search); stack overflow test; calls __fatal_runtime_error,symbols_rt_intro.csv
00015a17,__STKOVERFLOW,rt,high,matches JS 000488cb (identical bytes except relocated addresses/call displacements; found by byte search); stack overflow -> fatal error,symbols_rt_intro.csv
00015a36,_nmalloc,rt,high,matches JS 00048a0b (identical bytes except relocated addresses/call displacements); near heap allocator (grows via __ExpandDGROUP),symbols_rt_intro.csv
00015aa8,__open_flags,rt,high,matches JS 00048a7d (identical bytes except relocated addresses/call displacements); parses fopen mode string r/w/a/+/b/t,symbols_rt_intro.csv
00015b57,__doopen,rt,high,matches JS 00048b2c (identical bytes except relocated addresses/call displacements); opens fd for FILE (via sopen 0x4ae05),symbols_rt_intro.csv
00015c3c,_fsopen,rt,high,matches JS 00048c11 (identical bytes except relocated addresses/call displacements); allocates FILE (__allocfp) then __doopen,symbols_rt_intro.csv
00015c67,fopen,rt,high,matches JS 00048c3c (identical bytes); fopen(name;mode); game: data\jetsprit.pal and js.cfg,symbols_rt_intro.csv
00015c7c,__chk_freopen_fp,rt,medium,matches JS 00048c51 (identical bytes except relocated addresses/call displacements); validates FILE for freopen,symbols_rt_intro.csv
00015ce1,freopen,rt,medium,matches JS 00048cb6 (identical bytes); freopen(name;mode;fp),symbols_rt_intro.csv
00015d0d,fread,rt,high,matches JS 00048ce2 (identical bytes except relocated addresses/call displacements); fread(buf;size;n;fp),symbols_rt_intro.csv
00015e68,fclose,rt,high,matches JS 00048e3d (identical bytes except relocated addresses/call displacements); fclose(fp) (checks stream list),symbols_rt_intro.csv
00015e94,__doclose,rt,high,matches JS 00048e69 (identical bytes except relocated addresses/call displacements); close stream; free buffer; remove tmpfile,symbols_rt_intro.csv
00015eb8,__hexdigit,rt,medium,matches JS 00048e8d (identical bytes); 0-15 -> '0'..'f' (tmpfile name helper),symbols_rt_intro.csv
00015ecb,__MkTmpFile,rt,medium,matches JS 00048ea0 (identical bytes except relocated addresses/call displacements); builds tmp file name tXXXX_xx.tmp,symbols_rt_intro.csv
00015f4a,__shutdown_stream,rt,high,matches JS 00048f1f (identical bytes except relocated addresses/call displacements); flush; reposition; close handle; free buffer,symbols_rt_intro.csv
00015ff8,_nfree,rt,high,matches JS 0004925f (identical bytes except relocated addresses/call displacements),symbols_rt_intro.csv
00016020,memset,rt,high,matches JS 0004a2b0 (identical bytes except relocated addresses/call displacements); memset(dst;val;n) -> __memset_body,symbols_rt_intro.csv
00016042,int386x,rt,high,matches JS 0004a2d2 (identical bytes except relocated addresses/call displacements); int386x(intno;in;out;sregs) - game uses INT 31h DPMI,symbols_rt_intro.csv
00016063,_fmemset,rt,high,matches JS 0004a2f3 (identical bytes); far memset (offset;selector;val;n),symbols_rt_intro.csv
0001608a,_dos_getvect,rt,high,matches JS 000488da (identical bytes except relocated addresses/call displacements); INT21 35h (2502h under Phar Lap); game: vector 9 (keyboard) and timer vector,symbols_rt_intro.csv
000160c4,_dos_setvect,rt,high,matches JS 00048914 (identical bytes except relocated addresses/call displacements); INT21 25h (2504h Phar Lap); game installs keyboard ISR 0x10760 on INT 9 and ISR 0x31a31 on timer vector (DAT_93380),symbols_rt_intro.csv
000160fb,printf,rt,high,matches JS 00048974 (identical bytes except relocated addresses/call displacements); vfprintf(stdout=0x8085e); game prints memory/exit messages,symbols_rt_intro.csv
00016123,rand,rt,high,matches JS 000489c6 (identical bytes); LCG seed*0x41c64e6d+0x3039; >>16 & 0x7fff,symbols_rt_intro.csv
00016145,srand,rt,high,matches JS 000489e8 (identical bytes); sets seed,symbols_rt_intro.csv
00016158,strlen,rt,high,matches JS 00048ff3 (identical bytes; found by byte search),symbols_rt_intro.csv
000161b6,strcpy,rt,high,matches JS 00048fca (identical bytes; found by byte search),symbols_rt_intro.csv
000161e0,__CMain,rt,high,matches JS 0004a4bb (identical bytes except relocated addresses/call displacements; found by byte search); sets up stack; calls main (0x000146f4) then exit,symbols_rt_intro.csv
00016230,__InitRtns,rt,high,matches JS 0004a50a (identical bytes except relocated addresses/call displacements); runs XI init table by priority,symbols_rt_intro.csv
00016273,__FiniRtns,rt,high,matches JS 0004a54d (identical bytes except relocated addresses/call displacements); runs YI fini table by priority,symbols_rt_intro.csv
000162b8,__MemAllocator,rt,high,matches JS 0004a658 (identical bytes); heap block allocator (free list search),symbols_rt_intro.csv
00016368,__MemFree,rt,high,matches JS 0004a708 (identical bytes); heap block free/coalesce,symbols_rt_intro.csv
00016473,__LinkUpNewMHeap,rt,medium,matches JS 0004a813 (identical bytes except relocated addresses/call displacements); inserts new heap segment into heap list,symbols_rt_intro.csv
000164ed,__unlink_free,rt,medium,matches JS 0004a88d (identical bytes); doubly linked list unlink,symbols_rt_intro.csv
00016509,__UnlinkMHeap,rt,medium,matches JS 0004a8a9 (identical bytes except relocated addresses/call displacements); removes heap segment,symbols_rt_intro.csv
000165a3,__FreeDPMIBlocks,rt,medium,matches JS 0004a943 (identical bytes except relocated addresses/call displacements); DPMI 0502h free memory block / INT21 49h,symbols_rt_intro.csv
0001661a,__ReAllocDPMIBlock,rt,medium,matches JS 0004a9ba (identical bytes except relocated addresses/call displacements); DPMI 0503h resize memory block,symbols_rt_intro.csv
0001674c,__LastFree,rt,medium,matches JS 0004aaec (identical bytes except relocated addresses/call displacements); size of free block at end of DGROUP,symbols_rt_intro.csv
00016799,__CreateNewNHeap,rt,medium,matches JS 0004ab39 (identical bytes except relocated addresses/call displacements); DPMI 0501h alloc / INT21 48h; DPMI 0006h get segment base,symbols_rt_intro.csv
00016881,__ExpandDGROUP,rt,medium,matches JS 0004ac21 (identical bytes except relocated addresses/call displacements); grows near heap (sbrk / new DPMI block),symbols_rt_intro.csv
00016a1e,__ret0,rt,low,matches JS 0004adbe (identical bytes); returns 0,symbols_rt_intro.csv
00016a25,tolower,rt,high,matches JS 0004adc5 (identical bytes),symbols_rt_intro.csv
00016a46,open,rt,high,matches JS 0004ade6 (identical bytes); open(path;mode;...) -> sopen with share 0,symbols_rt_intro.csv
00016a65,sopen,rt,high,matches JS 0004ae05 (identical bytes except relocated addresses/call displacements); INT21 3Ch/3Dh/3Eh/40h create/open file handle,symbols_rt_intro.csv
00016c27,setmode,rt,medium,matches JS 0004afc7 (identical bytes except relocated addresses/call displacements); INT21 4400h/4401h IOCTL get/set device info,symbols_rt_intro.csv
00016c91,fseek,rt,high,matches JS 0004904a (identical bytes except relocated addresses/call displacements); fseek(fp;off;whence),symbols_rt_intro.csv
00016e62,__allocfp,rt,high,matches JS 0004b031 (identical bytes except relocated addresses/call displacements); allocates FILE struct,symbols_rt_intro.csv
00016efd,__freefp,rt,high,matches JS 0004b0cc (identical bytes except relocated addresses/call displacements); returns FILE to free list,symbols_rt_intro.csv
00016f30,__purgefp,rt,high,matches JS 0004b0ff (identical bytes except relocated addresses/call displacements); frees FILE free list at exit,symbols_rt_intro.csv
00016f52,__chktty,rt,high,matches JS 0004b121 (identical bytes except relocated addresses/call displacements); marks stream as tty (isatty),symbols_rt_intro.csv
00016f7f,__ioalloc,rt,high,matches JS 0004b14e (identical bytes except relocated addresses/call displacements); allocates stream buffer (0x1000 default),symbols_rt_intro.csv
00016ff6,memcpy,rt,high,matches JS 0004b1c5 (identical bytes); dword+byte copy (used internally),symbols_rt_intro.csv
00017020,__qread,rt,high,matches JS 0004b1ef (identical bytes except relocated addresses/call displacements; found by byte search); INT21 3Fh read,symbols_rt_intro.csv
00017051,fgetc,rt,high,matches JS 0004b220 (identical bytes except relocated addresses/call displacements; found by byte search); text-mode CR / ^Z handling,symbols_rt_intro.csv
000170ca,__filbuf,rt,high,matches JS 0004b299 (identical bytes); refill and return char,symbols_rt_intro.csv
000170f5,__fill_buffer,rt,high,matches JS 0004b2c4 (identical bytes except relocated addresses/call displacements); reads into stream buffer,symbols_rt_intro.csv
000171a0,__get_tmp_id,rt,low,matches JS 0004b36f (identical bytes except relocated addresses/call displacements); returns DAT_80814 (used for tmp file naming),symbols_rt_intro.csv
000171a6,__flush,rt,high,matches JS 0004b375 (identical bytes except relocated addresses/call displacements); flush stream buffer (write or seek back),symbols_rt_intro.csv
00017243,ftell,rt,high,matches JS 0004921b (identical bytes except relocated addresses/call displacements),symbols_rt_intro.csv
00017277,lseek,rt,high,matches JS 0004b412 (identical bytes except relocated addresses/call displacements); INT21 42h,symbols_rt_intro.csv
000172c2,close,rt,high,matches JS 0004b45d (identical bytes except relocated addresses/call displacements); INT21 3Eh,symbols_rt_intro.csv
00017310,__memset_body,rt,medium,matches JS 0004c630 (identical bytes); register-arg memset core,symbols_rt_intro.csv
00017347,__memset_dwords,rt,medium,matches JS 0004c667 (identical bytes),symbols_rt_intro.csv
000173b4,__int386x_body,rt,medium,matches JS 0004c6d4 (identical bytes); loads regs; executes INT via stub table,symbols_rt_intro.csv
000173eb,__int_table,rt,medium,matches JS 0004c70b (identical bytes except relocated addresses/call displacements; found by byte search); table of 'int N' stubs for all 256 vectors,symbols_rt_intro.csv
0001778d,__fprtf_putc,rt,medium,matches JS 0004a5be (identical bytes except relocated addresses/call displacements); printf output callback (fputc),symbols_rt_intro.csv
000177a6,vfprintf,rt,high,matches JS 0004a5d7 (identical bytes except relocated addresses/call displacements); vfprintf(fp;fmt;args) -> __prtf,symbols_rt_intro.csv
00017826,__prtf,rt,high,matches JS 0004cf06 (identical bytes); printf engine,symbols_rt_intro.csv
00017a46,__get_fmt_spec,rt,medium,matches JS 0004d126 (identical bytes); printf spec parser,symbols_rt_intro.csv
00017b4f,__get_fmt_number,rt,medium,matches JS 0004d22f (identical bytes); printf width/precision parse,symbols_rt_intro.csv
00017ba2,__prtf_set_str,rt,low,matches JS 0004d282 (identical bytes),symbols_rt_intro.csv
00017bcb,__prtf_set_wstr,rt,low,matches JS 0004d2ab (identical bytes),symbols_rt_intro.csv
00017bf2,__prtf_string,rt,low,matches JS 0004d2d2 (identical bytes except relocated addresses/call displacements),symbols_rt_intro.csv
00017c45,__prtf_int,rt,low,matches JS 0004d325 (identical bytes except relocated addresses/call displacements); integer formatting,symbols_rt_intro.csv
00017d11,__EFG_printf_call,rt,medium,matches JS 0004d3f1 (identical bytes except relocated addresses/call displacements); calls [0x80b34] float formatter hook,symbols_rt_intro.csv
00017d28,__prtf_fmt,rt,medium,matches JS 0004d408 (identical bytes except relocated addresses/call displacements); formats one conversion,symbols_rt_intro.csv
00018161,strupr,rt,medium,matches JS 0004d841 (identical bytes except relocated addresses/call displacements); uses toupper,symbols_rt_intro.csv
00018181,__Init_Argv_alt,rt,low,matches JS 0004b515 (identical bytes); builds argv (alternate entry 3 bytes earlier),symbols_rt_intro.csv
00018184,__Init_Argv,rt,medium,matches JS 0004b518 (identical bytes except relocated addresses/call displacements); builds argc/argv from command line,symbols_rt_intro.csv
00018234,__parse_args,rt,medium,matches JS 0004b5c8 (identical bytes); splits command line (quotes; backslashes),symbols_rt_intro.csv
0001830f,stackavail,rt,high,matches JS 0004cef2 (identical bytes except relocated addresses/call displacements),symbols_rt_intro.csv
00018318,__init_stklen,rt,low,matches JS 0004cefb (identical bytes except relocated addresses/call displacements); sets 0x80abc=0x8000,symbols_rt_intro.csv
00018324,exit,rt,high,matches JS 00048997 (identical bytes except relocated addresses/call displacements); runs fini routines (ptrs 0x807b0..0x807b8) then __exit (INT21 4Ch),symbols_rt_intro.csv
0001834d,_set_amblksiz,rt,low,matches JS 0004d861 (identical bytes except relocated addresses/call displacements); setter returning old value (0x80ab8),symbols_rt_intro.csv
00018363,sbrk,rt,medium,matches JS 0004d877 (identical bytes except relocated addresses/call displacements); DPMI 0501h / INT21 4800h,symbols_rt_intro.csv
000183fd,__brk,rt,medium,matches JS 0004d911 (identical bytes except relocated addresses/call displacements); INT21 EDh/4Ah DOS4G memory resize,symbols_rt_intro.csv
000184a7,isatty,rt,high,matches JS 0004d9bb (identical bytes); INT21 4400h,symbols_rt_intro.csv
000184c7,__set_errno_dos_alt,rt,low,matches JS 0004d9db (identical bytes),symbols_rt_intro.csv
000184df,__set_errno_dos2,rt,low,matches JS 0004d9f3 (identical bytes except relocated addresses/call displacements),symbols_rt_intro.csv
00018507,__set_errno_dos,rt,high,matches JS 0004da1b (identical bytes except relocated addresses/call displacements); maps DOS error -> errno,symbols_rt_intro.csv
00018577,__set_errno_EBADF,rt,low,matches JS 0004da8b (identical bytes except relocated addresses/call displacements); errno helper,symbols_rt_intro.csv
000185c9,__SetIOMode,rt,medium,matches JS 0004dadd (identical bytes except relocated addresses/call displacements),symbols_rt_intro.csv
000185e1,tell,rt,high,matches JS 0004b4a7 (identical bytes except relocated addresses/call displacements); lseek(fd;0;SEEK_CUR),symbols_rt_intro.csv
000185f5,__InitFiles,rt,high,matches JS 0004daf5 (identical bytes except relocated addresses/call displacements); links stdin/out/err/aux/prn into stream list,symbols_rt_intro.csv
0001863a,__full_io_exit,rt,high,matches JS 0004db3a (identical bytes except relocated addresses/call displacements); closes all streams; frees FILE list,symbols_rt_intro.csv
00018654,__closeall,rt,medium,matches JS 0004db54 (identical bytes except relocated addresses/call displacements),symbols_rt_intro.csv
000186ad,flushall,rt,medium,matches JS 0004dbad (identical bytes except relocated addresses/call displacements); __flushall(mask),symbols_rt_intro.csv
000186e5,__getche_stdin,rt,low,matches JS 0004dbe5 (identical bytes except relocated addresses/call displacements); INT21 01h read char with echo,symbols_rt_intro.csv
00018700,__qwrite,rt,high,matches JS 0004dc00 (identical bytes except relocated addresses/call displacements); INT21 40h raw write (seek end for append),symbols_rt_intro.csv
0001877d,unlink,rt,high,matches JS 0004dc7d (identical bytes except relocated addresses/call displacements); INT21 41h,symbols_rt_intro.csv
000187a1,fputc,rt,high,matches JS 0004cc85 (identical bytes except relocated addresses/call displacements; found by byte search),symbols_rt_intro.csv
0001886e,__utoa_body,rt,medium,matches JS 00049bf3 (identical bytes except relocated addresses/call displacements); unsigned to ascii with radix,symbols_rt_intro.csv
00018917,__ultoa_body,rt,medium,matches JS 0004e609 (identical bytes except relocated addresses/call displacements),symbols_rt_intro.csv
00020008,Video_SetModeX,video,high,mode 13h then unchained 320x240 60 Hz; line pitch 0x60 bytes (384 px virtual); clears 256K; palette black,symbols_game_intro.csv
000200ab,Video_SetTextMode,video,high,INT 10h,symbols_game_intro.csv
000200b8,Video_PlotUnder,intro,verified,INTRO.EXE; plot if pixel is 0 or 0x20..0x24,intro_symbols.csv
00020114,Video_FillRect,video,high,(x1;y1;x2;y2;colour) planar fill,symbols_game_intro.csv
00020220,Video_Clear,video,high,(colour) fills 0x2d00 words of all planes,symbols_game_intro.csv
00020254,Pal_Set,intro,verified,INTRO.EXE; (pal;first;last;waitVsync),intro_symbols.csv
000202c0,Spr_Blit,intro,verified,INTRO.EXE; chunky->planar 0 transparent,intro_symbols.csv
000205c4,Video_FlipScroll,intro,verified,INTRO.EXE; (x;showPage1) start+pan; waits retrace end then start,intro_symbols.csv
00020614,Tile_DrawBand,intro,verified,INTRO.EXE; (map;ptrs;band;plane;page) band = 32 rows; band 7 = 16 rows,intro_symbols.csv
00020760,Video_CopyRect,video,medium,latched copy between pages (dead menu),symbols_game_intro.csv
00020904,Video_Line,video,medium,(x1;y1;x2;y2;colour) (dead menu),symbols_game_intro.csv
00020ba3,Tile_ScrollMapLeft,intro,verified,INTRO.EXE; 16 rows x 24 rotate left,intro_symbols.csv
0003001c,Mouse_Poll,input,medium,INT 33h (dead menu),symbols_game_intro.csv
00040000,GUS_Detect,sound,medium,obj GUS driver (same as JS obj4),symbols_game_intro.csv
0004004c,GUS_Upload,sound,medium,,symbols_game_intro.csv
000400d1,GUS_Start,sound,low,,symbols_game_intro.csv
000400df,GUS_Shutdown,sound,medium,,symbols_game_intro.csv
000402d1,GUS_Reset,sound,medium,,symbols_game_intro.csv
00040348,GUS_PlayVoice,sound,medium,,symbols_game_intro.csv
00050000,SB_SpeakerOn,sound,medium,SB driver obj (same code as JS 0x3057c..),symbols_game_intro.csv
000500f4,SB_Detect,sound,medium,(...;rate) rate 40000,symbols_game_intro.csv
00050196,SB_SetRate,sound,high,bytes per 50 Hz tick = rate/50,symbols_game_intro.csv
0005022f,SB_Stop,sound,medium,,symbols_game_intro.csv
00050249,SB_SetupDmaBuffer,sound,medium,,symbols_game_intro.csv
000502f9,SB_AckIRQ,sound,medium,,symbols_game_intro.csv
00050347,SB_SetStopFlag,sound,low,,symbols_game_intro.csv
00050355,SB_IsStopped,sound,low,,symbols_game_intro.csv
00050362,SB_UnmaskIRQ,sound,medium,,symbols_game_intro.csv
0005037e,SB_RestoreIRQMask,sound,medium,,symbols_game_intro.csv
0005038a,SB_StartDMA,sound,medium,,symbols_game_intro.csv
0005042f,Mixer_SetChannel,sound,high,(ch;ptr;len;loop;volshift;rate) step = 40000/rate & 15,symbols_game_intro.csv
0005058a,Mixer_Update,sound,high,same 4-channel mixer as JS Timer_ISR_SBMixer but polled from main loop (4x per frame),symbols_game_intro.csv
00050b1b,SB_GetIrq,sound,low,,symbols_game_intro.csv
00060368,g_CreditIndex,global,verified,INTRO.EXE; 0..10,intro_symbols.csv
0006036c,g_PalSource,global,verified,INTRO.EXE; 0x240 bytes: 0..0x5f <<2; rest >>2,intro_symbols.csv
00060701,g_LogoShown,global,verified,INTRO.EXE,intro_symbols.csv
00060705,g_FrameOverlayActive,global,verified,INTRO.EXE,intro_symbols.csv
00060709,g_SoundDevice,global,high,0 none 1 SB 2 GUS,symbols_game_intro.csv
0006070d,g_SampleLens,global,high,8 x u32 INTRO.SAM slice lengths,symbols_game_intro.csv
0006072d,g_CreditStrings,global,verified,INTRO.EXE; 11 ptrs,intro_symbols.csv
0006075d,g_CreditWidths,global,verified,INTRO.EXE; 11 x {w1;w2},intro_symbols.csv
000607b5,g_GlyphSetPtr,global,verified,INTRO.EXE; -> 'ABCDEFGHIJKLMNOPQRSTUVWXYZ0123456789!?',intro_symbols.csv
00060b50,g_SpriteSize,global,verified,INTRO.EXE; 97 x {w;h},intro_symbols.csv
00060e98,g_CityPoints,global,verified,INTRO.EXE; 405 x {x;y;col},intro_symbols.csv
00065c18,g_Palette,global,verified,INTRO.EXE,intro_symbols.csv
00065f18,g_PaletteWork,global,verified,INTRO.EXE,intro_symbols.csv
00066218,g_TilePtrs,global,verified,INTRO.EXE; 384,intro_symbols.csv
00066818,g_TileMap,global,verified,INTRO.EXE; 16x24 int32,intro_symbols.csv
00066e18,g_KeyReleased,global,verified,INTRO.EXE; 128 int32,intro_symbols.csv
00067018,g_Scene,global,verified,INTRO.EXE; 1..7,intro_symbols.csv
00067020,g_FrameBuf,global,verified,INTRO.EXE; 8 ptrs FRAME1..8 (0x67020..0x6703c),intro_symbols.csv
00067040,g_Char1Buf,global,verified,INTRO.EXE; CHAR1.RAW buffer (= offs[-1] slot),intro_symbols.csv
00067044,g_SpriteOffs,global,verified,INTRO.EXE; offs[0]=0; sprite n uses offs[n-1],intro_symbols.csv
000671e8,g_TilBuf,global,verified,INTRO.EXE,intro_symbols.csv
000671ec,g_RawBuf,global,verified,INTRO.EXE,intro_symbols.csv
000671f0,g_AosetBuf,global,likely,INTRO.EXE; malloc 0x12c00 for the dead menu,intro_symbols.csv
000671f4,g_MouseEnabled,global,verified,INTRO.EXE; never set,intro_symbols.csv
000671f8,g_SmallFontBuf,global,verified,INTRO.EXE; never drawn,intro_symbols.csv
000671fc,g_BigFont,global,verified,INTRO.EXE,intro_symbols.csv
00067210,g_SamBuf,global,high,INTRO.SAM (SB),symbols_game_intro.csv
